{
    "x": [
        1,
        2,
        4,
        8,
        16
    ],
    "y": [
        0.0221126,
        0.0207847,
        0.020277,
        0.0236614,
        0.0352966
    ]
}