{
    "x": [
        1,
        2,
        4,
        8,
        16
    ],
    "y": [
        0.08967082860385925,
        0.6786961583236322,
        0.9191542288557214,
        1.0,
        1.0
    ]
}