{
    "x": [
        1,
        2,
        4,
        8,
        16
    ],
    "y": [
        0.9284064665127021,
        0.9792935444579781,
        1.0,
        1.0,
        1.0
    ]
}