{
    "x": [
        1,
        2,
        3,
        4,
        5,
        6,
        7,
        8,
        9,
        10,
        11,
        12,
        13,
        14
    ],
    "y": [
        356.97037850596735,
        269.5208522997832,
        190.11424138596828,
        115.18180159507588,
        115.117111838994,
        115.07692850208943,
        115.05451157977946,
        115.03286086509638,
        115.012922689937,
        115.00166424526678,
        114.99587335654967,
        114.99431102776694,
        114.99407149586325,
        114.9939252596096
    ]
}