{
    "x": [
        1,
        2,
        3,
        4,
        5,
        6,
        7,
        8
    ],
    "y": [
        279.59974241087843,
        266.8871696704354,
        255.77519230776682,
        247.8441116886074,
        246.85980226233576,
        246.00658378036516,
        245.45463840902121,
        245.2938708780286
    ]
}