{
    "x": [
        1,
        2,
        4,
        8,
        16
    ],
    "y": [
        0.186614990234375,
        0.172385931015015,
        0.178831338882446,
        0.171660661697388,
        0.285734415054321
    ]
}