{
    "x": [
        1,
        2,
        3,
        4
    ],
    "y": [
        291.4953396662138,
        288.738182619654,
        286.4924753399539,
        284.2504957994573
    ]
}