{
    "x": [
        1,
        2,
        3,
        4
    ],
    "y": [
        408.70608786413044,
        299.1506031021689,
        199.3945975505157,
        111.49308257759671
    ]
}