{
    "x": [
        1,
        2,
        3,
        4,
        5,
        6,
        7,
        8,
        9,
        10,
        11
    ],
    "y": [
        282.6116122475258,
        248.257538599186,
        217.78984503917766,
        192.70142152536462,
        192.02073827604903,
        191.68416992120115,
        191.4578719755451,
        191.23180179182293,
        191.0111862384194,
        190.91197524181592,
        190.8531560902071
    ]
}