{
    "x": [
        1,
        2,
        3,
        4
    ],
    "y": [
        289.29102155951256,
        266.51488851276156,
        245.03459848617058,
        231.18018933836927
    ]
}