{
    "x": [
        1,
        2,
        3,
        4,
        5,
        6,
        7,
        8,
        9,
        10,
        11
    ],
    "y": [
        303.4182125019752,
        244.7763874799424,
        187.13379449526596,
        139.39874248703717,
        139.11409294012086,
        138.9320236301888,
        138.77238256286165,
        138.6182246926213,
        138.50706051319443,
        138.40914281273254,
        138.3327527112629
    ]
}