{
    "x": [
        1,
        2,
        3,
        4
    ],
    "y": [
        356.97037850596735,
        269.5208522997832,
        190.1142413859681,
        115.1818015950757
    ]
}