{
    "x": [
        1,
        2,
        3,
        4
    ],
    "y": [
        303.4182125019752,
        244.77638747994192,
        187.1337944952655,
        157.99004220453088
    ]
}