{
    "x": [
        1,
        2,
        4,
        8,
        16
    ],
    "y": [
        0.025124399999999998,
        0.0260357,
        0.0215994,
        0.020063,
        0.0245573
    ]
}