{
    "x": [
        1,
        2,
        4,
        8,
        16
    ],
    "y": [
        0.5265017667844523,
        0.5140073081607796,
        0.26865671641791045,
        0.7711442786069652,
        1.0
    ]
}