{
    "x": [
        1,
        2,
        3,
        4,
        5,
        6,
        7,
        8,
        9
    ],
    "y": [
        408.70608786413084,
        299.15060310216927,
        199.3945975505163,
        111.49308257759742,
        111.4816621629306,
        111.47733247816073,
        111.47458175466713,
        111.47215596165238,
        111.47112610753682
    ]
}